Company Name,Website,City/Location,Segment,What They Make,Revenue Band,Decision-Maker,E1: Producer,E2: Accessible,C3 Differentiated (Score/20),C3 Evidence,C4 Decision-Maker Quality (Score/15),C4 Evidence,C5 Growing Sector (Score/15),C5 Evidence,C6 Growth Signals (Score/15),C6 Evidence,C7 Systems Maturity (Score/20),C7 Evidence,C8 Leadership Succession (Score/15),C8 Evidence,Total Federer Score (/100),Band,Verdict,Personalization Hook
Mylab Discovery Solutions,mylabglobal.com,Pune (Lonavala plant),Medical Devices — IVD platforms,"Molecular diagnostic kits (RT-PCR HIV/TB/HPV/sickle cell), portable PCR instruments for human diagnostics, food safety, and agri genomics",Rs.100-300Cr,"Shailendra Kawade (Chairman, co-founder); Hasmukh Rawal (MD, co-founder); Rahul Patil (CEO)",PASS — own ISO 13485 CDSCO-approved manufacturing plant in Lonavala; produces 200+ validated kit SKUs in-house,PASS — registered and operating in Pune district (Lonavala),20,"First Indian company to get CDSCO approval for COVID-19 RT-PCR kit; CE-IVD marked products; ISO 13485 manufacturing; CDSCO-approved facility; proprietary PathoDetect platform with 90+ validated assays",15,"Founders are trained molecular biologists/biotech professionals with 15+ years in applied diagnostics; Poonawalla family (Serum Institute) holds 49% — signals scientific credibility and institutional respect",15,"IVD sector has strong tailwinds: government diagnostics push post-COVID, ABDM integration, PLI for pharma/diagnostics, import-substitution drive; Mylab directly benefited from India's diagnostic indigenization policy",15,"Active hiring on LinkedIn (R&D, QC, sales roles); new sickle cell disease kit launch 2023 (CDSCO approved); CompactDX instrument platform released; website updated 2026; revenue ~Rs.153Cr FY24",15,"ISO 13485 quality management system confirmed; LIS connectivity in CompactDX instruments signals digital integration; 388 employees across R&D (40%) manufacturing (20%) ops (10%) with structured roles",10,"Founders still central; Rahul Patil (non-family) appointed CEO — external professional management is a positive signal; Poonawalla group as strategic shareholder adds governance depth",90,A — Strong Federer,High-priority target. Science-founder archetype with strong IP moat; India's only indigenous RT-PCR kit manufacturer at scale; PLI-eligible; growing revenue post-COVID stabilization.,"Launched India's first indigenously developed COVID-19 RT-PCR kit in 2020 — approved by CDSCO in 24 days — and has since built a 90+ assay portfolio including a newly approved sickle cell disease detection kit (2023)"
Krishidhan Seeds,krishidhanseeds.com,Pune (HQ),Hybrid Seeds & Specialty Agri-Inputs,"Hybrid seeds for cotton, cereals (wheat, sorghum, maize), oil crops (sunflower, mustard), fodder crops; in-house R&D breeding station",Rs.100-300Cr,"Management team — over 30 years operational; founded 1983",PASS — own seed processing and testing infrastructure; in-house breeding stations; 30+ years of seed development operations,PASS — corporate office in Pune; active operations in Maharashtra and pan-India,15,"In-house breeding station with 30+ years of proprietary varietal development; cotton and cereal hybrids developed for Indian agro-climatic zones; no off-the-shelf reselling",10,"Founder/management with 30+ years in agricultural biotech; demonstrated infrastructure building over decades; seed breeding requires long-term R&D systems thinking",15,"Hybrid seeds are a PLI-adjacent sector; government push for food security; climate-resilient variety development; seed replacement rate improving; China+1 not directly applicable but import-substitution in seeds is a policy priority",10,"Active presence; website updated; 30+ year track record of new variety launches; national distribution but limited recent expansion signals",10,"30+ years of operational history implies structured processes; seed certification and testing require documented QA; but no explicit ERP/SAP evidence found",8,"Long-standing management; likely gen-2 involvement given age of company but not confirmed in public records; professional distribution network suggests some management depth",68,B — Probable Federer,Good target. 30-year specialty seed breeder with proprietary hybrid varieties in PLI-adjacent sector. Systems evidence is incomplete — worth a deeper call to verify ERP maturity and succession plan.,"Has been developing proprietary hybrid seed varieties for Indian agro-climatic zones since 1983 — one of Maharashtra's longest-standing independent seed R&D operations"
Biorad Medisys,bioradmedisys.com,Pune (manufacturing in Pune and Bengaluru),Medical Devices — implants and surgical devices,"Orthopedic implants, trauma implants, spine systems, and surgical instruments; full-range specialty implant manufacturer exporting to 40+ countries",Rs.100-300Cr,"Promoter-led; ISO 13485 and ISO 9001 certified management",PASS — full-fledged integrated manufacturing in Pune with imported machinery from UK Germany Japan; GMP certified,PASS — primary manufacturing facility in Pune,20,"ISO 13485/ISO 9001-2008 certified; state-of-the-art imported machinery (UK, Germany, Japan); in-house design and manufacturing of orthopaedic implants; 40+ country export footprint signals regulatory compliance depth",10,"Operator-founder with evident systems investment (imported machinery, GMP compliance, export certifications); background details not fully public but investment pattern shows structured thinking",15,"Medical devices sector: PLI scheme eligible; China+1 beneficiary (India importing 70% of devices — massive import substitution opportunity); government National Medical Device Policy 2023 actively supporting domestic manufacturers",12,"Exporting to 40+ countries; active website; GMP certification maintained; evidence of ongoing operations but specific recent facility expansion not confirmed",15,"GMP + ISO 13485 requires robust quality management systems; imported precision machinery implies structured maintenance and operations; likely ERP for export documentation and compliance",8,"Manufacturing operations at scale across 2 cities; some leadership structure implied; but specific succession or gen-2 details not publicly available",80,A — Strong Federer,High-priority target. Full-stack orthopedic implant manufacturer exporting to 40+ countries — strong differentiation through imported precision machinery and multi-regulatory compliance. Verification needed on systems depth and decision-maker background.,"Manufacturing orthopedic and trauma implants with UK/German/Japanese precision machinery and exporting to 40+ countries — one of Pune's few vertically integrated implant producers"
Bioprime Agrisolutions,bioprime.in,Pune,Hybrid Seeds & Specialty Agri-Inputs,"SNIPR biologicals — proprietary nano-molecule based crop protection and yield modulation formulations; biopesticides and biostimulants developed via a proprietary high-throughput discovery platform",<Rs.30Cr,"Dr. Renuka Deshpande (Co-founder, PhD plant physiology)",PASS — own R&D lab and formulation facility; proprietary SNIPR platform; not a reseller,PASS — Pune-based with active field operations across Maharashtra,20,"Proprietary SNIPR (Smart Nanomolecules Induced Response Modulation) platform — first-of-its-kind rapid high-throughput discovery platform for agri biologicals; BIRAC-funded; patent-pending biomolecule formulations",15,"PhD founder (plant physiology); science-led company; BIRAC grant recipient signals peer-reviewed research credibility; deep domain expertise demonstrated through platform IP",15,"Biopesticides and biostimulants: strong government tailwinds — paraquat ban, chemical pesticide restrictions, PM-PRANAM scheme, organic farming push; export opportunity in EU (where chemical pesticide bans are stricter)",8,"BIRAC seed fund + subsequent VC funding (3X YoY growth reported); active field programs across 10,000+ farmers; recent product launches — but revenue still at early stage (<Rs.5Cr) which limits Federer fit on scale",5,"Early-stage startup; structured R&D processes (evident from BIRAC compliance) but no ERP or MIS; WhatsApp/spreadsheet likely at this stage",5,"Founder-led startup; small team; no gen-2 or professional management depth yet — appropriate for stage but limits systems score",68,B — Probable Federer,Borderline — strong science and differentiation but revenue too early-stage for DT's Rs.50Cr+ ICP. Flag for future pipeline (12-24 months). Excellent personalization hook.,"Built a proprietary SNIPR nano-molecule platform to develop next-generation biopesticides — BIRAC-funded and validated across 10,000+ farmers in Maharashtra before commercialization"
Hi Tech BioSciences India,hitechbiosciences.com,Pune (Kothrud),Specialty Food & Nutraceutical Ingredients,"Probiotics, enzymes (industrial and food-grade), nutraceutical ingredients, biocatalysis solutions for pharma/API/food/agrochem industries; DSIR-recognized R&D lab",Rs.30-100Cr,"Dr. Raghavendra Gaikaiwari (Founder, PhD)",PASS — own fermentation-based manufacturing for enzymes and probiotics; in-house R&D lab; DSIR recognized; not a trader,PASS — headquartered in Pune (Kothrud),20,"DSIR-recognized R&D lab; PhD founder with publications; industrial enzyme + probiotic manufacturing via proprietary fermentation strains; specialty biocatalysis for pharma intermediates — strong IP moat",15,"PhD founder (Dr. Raghavendra Gaikaiwari); DSIR recognition signals documented R&D infrastructure; deep technical background in fermentation biology",15,"Nutraceuticals and probiotics: strong post-COVID tailwinds; functional food ingredient export opportunity; industrial enzymes benefit from green chemistry trend; DSIR certification enables government procurement",10,"Founded 2007; active DSIR lab; website active; products updated; client base across pharma/food/agrochem. Limited evidence of recent facility expansion or large hiring burst",12,"DSIR-recognized R&D implies structured documentation and compliance systems; pharma-adjacent biocatalysis work requires GMP-like traceability; some systems maturity likely",8,"Founder-led; some professional staff indicated by 350+ employee pharma/food client base; but no confirmed gen-2 or COO/CFO from outside",80,A — Strong Federer,Strong target. PhD-founded specialty enzyme and probiotic manufacturer with DSIR recognition and pharma/food/agrochem client base. Verification needed on C7 (ERP) and revenue band.,"One of the few DSIR-recognized fermentation labs in Pune focused on industrial enzymes and probiotic ingredients — supplying pharma API manufacturers and food processors with custom biocatalysis solutions"
Zytex Biotech,zytexbiotech.com,Pune,Specialty Food & Nutraceutical Ingredients,"Enzymes (Nattokinase, Serratiopeptidase, Subtilisin, Lipase), probiotics, nutraceutical fermentation ingredients; world-class fermentation plant operational since 2009",Rs.30-100Cr,"Founder with 50+ years in fermentation (established 1966, fermentation R&D since 2004)",PASS — world-class fermentation plant in Pune; in-house enzyme production; not a distributor,PASS — Pune-based operations,20,"50+ years of fermentation expertise; proprietary Bacillus-based strains for specialty enzymes (Nattokinase — cardiovascular supplement; Serratiopeptidase — anti-inflammatory); EU/US export-grade manufacturing; specialty enzyme production peers cannot easily replicate",15,"Founder with 50+ years in fermentation biotech; deep domain experience; demonstrated long-term investment in capability (fermentation plant built 2009); generational knowledge in enzyme production",15,"Specialty nutraceutical enzymes: strong export demand (Nattokinase, Serratiopeptidase are high-value global ingredients); Indian enzyme manufacturers benefiting from China+1 as quality concerns around Chinese ingredients grow",10,"50+ year operational history; 2009 fermentation plant investment; active website; export client base; but no specific recent expansion announcement found",10,"Fermentation plant operations require structured batch documentation, GMP-like records, and quality systems — implied by export regulatory compliance",8,"50-year-old company — some succession likely but not publicly confirmed; long-standing operations suggest professional management exists",78,B — Probable Federer,Good target. Long-standing specialty enzyme fermentation company with export-grade manufacturing. Strong differentiation through 50 years of proprietary Bacillus fermentation expertise. Follow up on systems maturity and succession.,"Has been producing specialty fermentation enzymes like Nattokinase and Serratiopeptidase in Pune since 1966 — one of India's oldest continuous enzyme fermentation operations and a likely beneficiary of growing global demand as China+1 supply chain diversification drives quality-seeking buyers toward Indian manufacturers"
Serum Institute of India,seruminstitute.com,Pune,Medical Devices — IVD / Specialty Biologics (Vaccines),"World's largest vaccine manufacturer by volume; produces measles, polio, flu, meningococcal, pneumococcal vaccines; supplies 170+ countries; COVISHIELD (AstraZeneca COVID vaccine)",>Rs.500Cr (disqualified),"Cyrus Poonawalla (Founder); Adar Poonawalla (CEO)",PASS — massive in-house manufacturing; 30+ plants in Pune,PASS — headquartered in Pune,20,Pioneer in global vaccine manufacturing — world's largest by dose volume; multiple WHO prequalifications,15,Iconic science-founder; Adar Poonawalla is gen-2 with global profile,15,Strong government and WHO tailwinds; export dominance,15,Constant expansion; hiring; new facility investments,20,SAP systems; digital infrastructure; large structured organization,15,Textbook gen-2 succession; Adar formally CEO with Cyrus as Chairman,>500 (Revenue),D — DISQUALIFIED (Revenue >Rs.500Cr),AUTO-DISQUALIFIED: Revenue far exceeds Rs.500Cr ceiling. Serum Institute generates over Rs.10000Cr annually. Not an ICP target regardless of quality.,"Disqualified on revenue grounds — too large for DT's Rs.50-500Cr ICP band"
Cupid Limited,cupidlimited.com,Nashik (operations) / Maharashtra,Medical Devices — IVD + specialty health devices,"Male and female condoms (WHO-prequalified); IVD diagnostic kits; water-based personal lubricants; manufacturing for UN/WHO supply chains",Rs.100-300Cr,"Omprakash Garg (CMD); Soumitra Sen (CEO)",PASS — own manufacturing plant; WHO and CE certified; USFDA registered; not a trader,PASS — Maharashtra operations (Nashik plant; listed company with Pune-region investor base) — NOTE: Nashik is primary ops not Pune,15,"WHO prequalified female condom manufacturer (one of very few globally); USFDA registered; CE marked IVD kits; unique product (female condom — only 2 global WHO-qualified manufacturers)",10,"CMD with pharma background; professional CEO (Soumitra Sen) hired; listed company governance; some operator systems thinking evidenced by export compliance infrastructure",15,"Women's health + IVD: PLI adjacent; WHO/UNFPA long-term supply contracts provide revenue visibility; government family planning programs; B2C expansion in India in FY25",12,"B2C India push (Rs.50Cr+ topline target FY25 per press release); new IVD kit segments added; active hiring for B2C sales force; listed company with public disclosures",15,"Listed company — BSE-listed; MCA filings available; likely ERP for statutory compliance; structured costing for export contracts",10,"Professional CEO (Soumitra Sen) alongside CMD; listed governance structure; some management depth",E2 BORDERLINE — FAIL (City),"Primary operations in Nashik, not Pune. If city scope is expanded to Pune metro region, borderline pass — but strict Pune criterion fails E2.",EXCLUDED — E2 borderline failure,"Operations primarily in Nashik; excluded from Pune-specific list. Strong Federer profile otherwise — recommend including if city scope allows Nashik"
Nath Bio-Genes (India),nathseeds.com,Aurangabad / Pune region,"Hybrid Seeds, Biopesticides, Agri-inputs","Hybrid seeds (cotton, vegetables, cereals, sunflower, soybean); crop protection products; in-house R&D breeding programs; one of India's largest private seed companies",Rs.300-500Cr,"Nath family (promoter-led); multi-generation",PASS — own seed processing plants; extensive breeding research stations across India,PASS — operations in Maharashtra; Aurangabad HQ — within Maharashtra but not Pune city proper,15,"Large private hybrid seed company with proprietary varieties; decades of in-house breeding; crop-specific hybrid development; strong Maharashtra seed market presence",10,"Promoter family with multi-decade seed industry experience; structured management given scale (Rs.300-500Cr) but specific systems evidence not confirmed",15,"Hybrid seeds: government seed replacement program; PLI-adjacent; food security drive; climate resilience demand",10,"Active operations; large scale; but limited recent expansion announcements specifically",12,"Scale of Rs.300Cr+ implies structured operations; seed certification requires QA documentation",8,"Multi-generational family business; some professional management implied at this scale",E2 BORDERLINE — FAIL (City),Primary HQ in Aurangabad not Pune. Maharashtra operations but strict Pune criterion is borderline.,EXCLUDED — E2 borderline failure,"Large-scale private hybrid seed company — strong Federer profile but operations are Aurangabad-centered; excluded from strict Pune list"
Bilcare Limited,bilcare.com,Pune,Medical Devices — specialty pharmaceutical packaging,"Specialty polymer films and aluminum foils with anti-counterfeiting technologies for pharmaceutical packaging; two plants in Pune and Nashik; 50000 tons annual capacity",Rs.100-300Cr,"Mohan Bhatt (MD); promoter-driven",PASS — own manufacturing plants in Pune and Nashik; proprietary anti-counterfeiting film technology; not a trader,PASS — two plants in Pune,15,"Proprietary anti-counterfeiting technology embedded in specialty pharma packaging films; serves regulated pharma clients (USFDA-compliant supply chains); custom specialty polymer film formulations — not commodity packaging",10,"MD with pharma packaging expertise; structured operations implied by regulated pharma client base; some systems investment evidenced by two-plant operations",15,"Pharmaceutical packaging: PLI pharma scheme beneficiary (packaging is upstream to drugs); China+1 for pharma supply chain strengthens domestic packaging demand; specialty anti-counterfeiting is a growing regulatory requirement globally",10,"Active operations across two plants; large client base in pharma; website updated; but no specific recent capacity expansion announcement confirmed",12,"Pharma-grade manufacturing requires GMP documentation, batch tracking, quality systems; 50000-ton capacity implies structured operations",8,"Promoter-led with professional management at MD level; large enough for organizational depth",70,B — Probable Federer,Good target. Specialty pharma packaging manufacturer with proprietary anti-counterfeiting technology and two Pune plants. Differentiation through regulatory-grade specialty film technology. Verify ERP and succession depth.,"Has embedded proprietary anti-counterfeiting technology into pharmaceutical packaging films — serving regulated pharma supply chains where packaging compliance is as scrutinized as the drug itself"
Indoco Remedies,indoco.com,Pune (HQ + manufacturing),"Complex APIs & Regulated Pharma — sterile injectables, specialty formulations","Sterile injectables, ophthalmic products, specialty oral formulations; USFDA and EU-GMP approved plants; regulated markets export (US, EU, Australia)",Rs.300-500Cr,"Aditi Kare Panandikar (MD, third generation)",PASS — multiple USFDA + EU-GMP approved manufacturing facilities; in-house formulation development,PASS — headquartered in Pune; multiple manufacturing plants in Maharashtra,20,"USFDA and EU-GMP approved manufacturing; sterile injectables (technically complex); ophthalmic products (specialized); ANDA filings in US market; regulated market expertise — strong regulatory moat",15,"MD is third-generation (Aditi Kare Panandikar); pharma engineering background; demonstrated systems thinking — USFDA compliance requires structured QA documentation infrastructure",15,"Regulated pharma: USFDA/EU export markets have strong tailwinds; China+1 is driving Western pharma buyers toward Indian manufacturers; specialty injectables and ophthalmics have better margins than generic orals",12,"Active LinkedIn hiring (regulatory, QA, production roles); recent product filings; active export markets; website updated with investor disclosures; ANDA pipeline in US",15,"USFDA + EU-GMP compliance mandates ERP-level documentation systems (batch records, deviation tracking, CAPA); listed company with MIS for investor reporting; structured operations confirmed by regulatory audits",15,"Third-generation MD formally appointed; family-owned but professionally managed; gen-2 (Aditi) has pharma background and took over operations — textbook succession example",92,A — Strong Federer,Textbook Federer — regulated pharma (sterile + ophthalmic), USFDA/EU-GMP approvals, third-gen MD with pharma pedigree, structured quality systems from regulatory compliance. High-priority target.,"Third-generation MD Aditi Kare Panandikar leads a USFDA + EU-GMP approved manufacturer of sterile injectables and ophthalmic products in Pune — the family built regulated-market compliance from scratch over 60 years"
Lupin Limited (Pune operations),lupin.com,Pune (R&D center + manufacturing),"Complex APIs & Regulated Pharma — specialty injectables, inhalation","Complex inhalation products (respiratory), injectables, biosimilars; Pune hosts major R&D center and manufacturing; USFDA approved",>Rs.500Cr (disqualified),"Vinita Gupta (CEO); Nilesh Gupta (MD)",PASS — major manufacturing and R&D in Pune,PASS — Pune R&D center and manufacturing,20,USFDA-approved multiple; inhalation tech moat; biosimilars development,15,Professional CEO; strong management team,15,Strong regulated market tailwinds,15,Active expansion; biosimilar pipeline investments,20,SAP systems; large structured corporate,15,Professional management depth; family + non-family,>500 (Revenue),D — DISQUALIFIED (Revenue >Rs.500Cr),"AUTO-DISQUALIFIED: Lupin revenue ~Rs.22000Cr — far exceeds Rs.500Cr ceiling.","Revenue too large — excluded"
Praj Industries,praj.net,Pune (HQ),"Complex APIs & Regulated Pharma — industrial sensors / process engineering","Ethanol plant engineering; brewery systems; water and wastewater treatment; bio-based chemicals; industrial process engineering (not pharma products but process systems for bio-manufacturing)",Rs.300-500Cr,"Pramod Chaudhari (Founder and Executive Chairman)",PASS — own engineering design and manufacturing for bio-process systems; design-build-operate model,PASS — headquartered in Pune,15,"Leading bio-process engineering company; proprietary Zero Liquid Discharge and distillation systems; ethanol plant systems built for over 700 clients globally; specialized process knowhow",15,"Founder (Pramod Chaudhari) is an engineer with deep systems thinking; built a global bio-process engineering company; evidence of structured planning in project execution",15,"Bio-based fuels and chemicals: major government ethanol blending program (E20 by 2025); bioenergy push; sustainable chemicals trend — strong tailwinds",15,"Revenue growth; active LinkedIn hiring; international orders; ethanol program driving strong demand; new sustainability-focused product lines",15,"Engineering-to-order business requires structured project management (ERP for project tracking); global operations imply digital systems; likely SAP or equivalent",10,"Founder still active; professional management team; international operations suggest some management depth but founder-centricity is a risk",85,A — Strong Federer,Strong target. Founder-led process engineering company with global reach and strong government ethanol program tailwinds. Note: not a direct Basket B product company — evaluate if DT's PDGMS fits their engineering project-execution model.,"Built over 700 ethanol and bio-process plants across India and internationally — Pramod Chaudhari has been evangelizing bio-based fuels since the 1980s and is now riding the government's E20 ethanol blending mandate"
Fermentech India,fermentechindia.com,Pune area,Specialty Food & Nutraceutical Ingredients,"Specialty fermentation-based ingredients; probiotics; fermentation services for food and pharma industries",Rs.30-100Cr,Founder-led,PASS — fermentation plant; not a trader; in-house manufacturing,PASS — Pune region,10,Specialty fermentation; but limited public IP evidence,8,Founder-led; some technical background implied,10,Nutraceutical fermentation: moderate tailwinds,5,Limited public information to verify recent growth signals,8,Fermentation operations require batch documentation; some systems implied,5,Limited information available,46,C — Borderline,"Borderline — insufficient public data to score confidently. Recommend direct outreach to verify revenue, systems, and decision-maker profile before including in active pipeline.","Fermentation-based specialty ingredient manufacturer in Pune — limited public data available; requires direct verification"
Seqens Pharma (Divi's API — wrong city),divis.com,Hyderabad (not Pune),Complex APIs,,>Rs.500Cr (disqualified),,,,,,,,,,,,,,,,D — DISQUALIFIED (Wrong City + Revenue),,Excluded — Divi's is Hyderabad-based and revenue far exceeds Rs.500Cr
Yashoda Hospitals Pune,N/A,Pune,Medical Devices — services (hospital),Hospital services — NOT a product manufacturer,N/A,Professional management,FAIL — service provider not a producer,PASS,0,Does not produce medical devices or specialty products,0,Service company not a manufacturer,0,,0,,0,,0,,0,D — FAIL E1,AUTO-FAIL E1: Hospital is a service provider not a product manufacturer. Excluded.,"Excluded — service company"
Gennova Biopharmaceuticals,gennova.in,Pune,Complex APIs & Regulated Pharma — mRNA vaccines and biologics,"mRNA vaccine development and manufacturing (India's first indigenously developed mRNA COVID vaccine — mRNA-1273 equivalent); biologics manufacturing; Pune-based R&D and manufacturing",Rs.100-300Cr,"Sanjay Singh (MD); HDO Life Sciences promoter group",PASS — own biologics manufacturing facility; mRNA platform technology; not a trader,PASS — Pune (Hinjewadi) headquarters and manufacturing,20,"India's first indigenously developed mRNA COVID-19 vaccine (GEMCOVAC); novel mRNA manufacturing platform; biologics pipeline; first mover advantage in Indian mRNA technology — strong IP moat",15,"MD Sanjay Singh with pharma R&D background; HDO Life Sciences group investment signals structured corporate governance; biologics manufacturing requires strong scientific management",15,"mRNA vaccines and biologics: strong government push for domestic vaccine manufacturing; HDO Life Sciences and Emcure promoter group backing; biopharmaceuticals benefit from PLI and Make-in-India health security mandate",12,"GEMCOVAC approval and launch; active R&D pipeline; facility investments; new biologics programs; hiring for R&D roles visible",15,"Biologics manufacturing requires validated systems (21 CFR Part 11-equivalent documentation); GMP-grade batch records; structured quality systems confirmed by CDSCO approval",10,"Professional management with MD; promoter group backing (not solo-founder); some management depth; but succession not explicitly clear",87,A — Strong Federer,Textbook Federer. India's first mRNA vaccine manufacturer — strong IP moat, science-driven management, government-backed biologics push, and regulatory-grade systems. High-priority target.,"Developed and launched India's first indigenously manufactured mRNA COVID-19 vaccine (GEMCOVAC) — building an mRNA biologics platform in Pune at a time when the government is actively trying to reduce vaccine import dependency"
Emcure Pharmaceuticals,emcure.com,Pune (HQ + manufacturing),"Complex APIs & Regulated Pharma — specialty injectable, gynecology, oncology","Specialty injectable formulations, gynecology products, HIV/ARV treatment drugs, oncology; USFDA and EU-GMP approved; exported to 70+ countries",Rs.300-500Cr (approaching >500Cr),"Satish Mehta (MD and Founder); Namita Mehta (Executive Director — gen-2)",PASS — multiple regulated manufacturing plants in Pune; USFDA/EU-GMP approved,PASS — headquartered in Pune; major manufacturing in Pune,20,"USFDA + EU-GMP approved across multiple plants; specialty gynecology portfolio (market leader in India); ARV drugs for HIV (WHO-prequalified supply); oncology injectables — multiple technical product categories with regulatory moats",15,"Founder Satish Mehta built from scratch to regulated global exporter; daughter Namita is Executive Director — gen-2 in active operational role; MBA + pharma pedigree",15,"Specialty pharma: gynecology + oncology + HIV — all growing therapeutic segments; regulated market exports; PLI pharma beneficiary; WHO-prequalified supply to Africa/Asia",15,"Active hiring on LinkedIn; new facility investments; ANDA pipeline in US; revenue growth disclosed in recent filings; international market expansion",15,"Listed on BSE/NSE in 2024; MCA filings; USFDA compliance mandates structured QA documentation (CAPA, deviation tracking, batch records); likely SAP/ERP for regulatory compliance",15,"Gen-2 (Namita Mehta) formally Executive Director; founder transitioning; professional management team at regulated pharma scale",95,A — Strong Federer,Exceptional target. Founder-led to regulated global pharma exporter with USFDA/EU-GMP approvals; Gen-2 Executive Director; specialty gynecology + oncology + HIV portfolio; recently IPO'd — systems maturity at listed-company level.,"Emcure built India's largest specialty gynecology pharmaceutical franchise from Pune — and recently listed on BSE/NSE in 2024; Namita Mehta (founder's daughter and Executive Director) is one of India's most visible second-generation pharma leaders"
Symbiosis International University (research spinoff) — EXCLUDED,N/A,Pune,Not applicable — University,Not a company,N/A,,FAIL — academic institution not a producer,,,,,,,,,,,,,D — DISQUALIFIED,Excluded — academic institution,
Wockhardt (Pune operations),wockhardt.com,Pune (hospital and manufacturing presence),Complex APIs & Regulated Pharma + Medical Devices,"Pharmaceutical manufacturing; hospitals; specialty products including antibiotics, cardiology, CNS; USFDA approved plants",>Rs.500Cr (disqualified),"Habil Khorakiwala (Chairman); Murtaza Khorakiwala (MD)",PASS — multiple manufacturing plants,PASS — Pune operations,20,USFDA + EU-GMP across multiple plants; novel antibiotic (WCK series) in development — strong differentiation,15,Founder family with pharma science background; gen-2 MD,15,Novel antibiotic development — strong PLI and global AMR tailwinds,15,Active R&D pipeline; hospital network expansion,20,Large regulated pharma — SAP and structured systems,15,Gen-2 MD formally appointed,>500 (Revenue),D — DISQUALIFIED (Revenue >Rs.500Cr),"Revenue far exceeds Rs.500Cr. Wockhardt's consolidated revenue is above Rs.2000Cr.","Excluded on revenue grounds"
Aaroha Lifesciences,aarohalifesciences.com,Pune,Complex APIs & Regulated Pharma — specialty APIs,"Specialty pharmaceutical APIs; niche complex active ingredients; manufacturing for domestic and export markets",Rs.30-100Cr,"Founder-led; promoter family",PASS — own API manufacturing; not a distributor,PASS — Pune operations,12,"Specialty API manufacturing; some differentiation through niche product portfolio; limited public evidence of patents or regulatory approvals beyond standard Indian requirements",8,"Founder-led; manufacturing investment; but limited public information on systematic management infrastructure",10,"Specialty APIs: moderate tailwinds — export demand for complex APIs growing; China+1 opportunity for non-commodity APIs",8,"Active operations; website updated; but limited specific recent expansion or certification signals found",8,"API manufacturing requires batch documentation and quality systems; some structured processes implied",5,"Founder-led small-to-mid company; limited succession evidence",51,C — Borderline,Borderline — specialty API manufacturer with moderate differentiation. Insufficient public data to confidently score higher. Recommend direct outreach to verify revenue band and systems maturity before inclusion.,"Specialty API manufacturer in Pune — requires direct verification to confirm differentiation level and systems infrastructure"
Anchrom Enterprises,anchroment.com,Pune,Industrial Sensors & Instrumentation,"HPLC instruments, analytical instruments, chromatography columns, reagents; sales and limited local assembly; primarily instrumentation solutions for pharma and research labs",Rs.30-100Cr,"Founder-led; instrumentation background",FAIL — primarily instrument trading and service (not a producer of proprietary instruments),,0,Fails E1 — analytical instrument trader and service company; does not design or manufacture proprietary instruments,0,,0,,0,,0,,0,D — FAIL E1,AUTO-FAIL E1: Analytical instrument sales and service company — not a producer of proprietary instruments. Excluded.,"Excluded — instrument trader/service company; fails E1 gate"
Marksans Pharma (Pune plant),marksans.com,Pune (manufacturing plant in Goa and Pune),"Complex APIs & Regulated Pharma — specialty soft gel injectables, OTC","Soft gel capsule manufacturing; OTC pain management and cold products; USFDA and MHRA approved; OTC-focused regulated pharma",Rs.300-500Cr,"Mark Saldanha (MD and Founder)",PASS — multiple USFDA/MHRA approved manufacturing plants; own product development,PASS — Pune plant; also Goa HQ,15,"USFDA + MHRA approved soft gel manufacturing; strong OTC branded portfolio in UK/US/Australia; specialty in soft gel technology — not a commodity tablet maker",12,"Founder MD with pharma background; built global OTC regulated business from scratch; systems investment evidenced by USFDA/MHRA compliance",15,"OTC pharma in regulated markets (UK/US/Australia): strong post-COVID self-medication trend; China+1 for regulated OTC supply chains; Make-in-India export push",12,"Active hiring on LinkedIn; revenue growth (Rs.300Cr+); recent MHRA inspections passed; active export pipeline",15,"USFDA + MHRA compliance mandates structured batch documentation; listed company implies MIS for investor reporting",10,"Founder still active MD; some professional management at listed company scale; gen-2 not confirmed",79,B — Probable Federer,Good target. USFDA/MHRA approved soft gel manufacturer with global OTC brand presence. Founder-led with regulated market systems maturity. Pune plant confirms city presence.,"Built a regulated OTC pharma business serving UK and Australian pharmacy chains with MHRA-approved soft gel formulations — from Pune operations"
Serum Institute Life Sciences (Optima),Not separately listed,Pune,Medical Devices — process engineering for biopharma,"Biopharma process engineering; bioreactor systems; not confirmed as separate Pune entity",Unknown,Subsidiary concern — likely part of Serum group,FAIL — cannot confirm as independent producer separate from Serum group,,0,,0,,0,,0,,0,,0,D — DISQUALIFIED,Cannot separate from Serum Institute group — disqualified as subsidiary of >Rs.500Cr parent.,"Excluded — Serum group subsidiary"
Aragen Life Sciences (Pune operations),aragen.com,Pune (R&D center),Complex APIs — CDMO services,"Contract research and manufacturing for pharma and biotech — CDMO model",Rs.300-500Cr,"Thomas Kemp (CEO); GHO Capital (PE owner)",FAIL — PE-controlled (GHO Capital owns majority stake),,0,,0,,0,,0,,0,,0,D — DISQUALIFIED (PE-controlled),AUTO-DISQUALIFIED: GHO Capital PE-owned. Fails promoter-driven criterion.,"Excluded — PE-owned CDMO"
Syngene International (Pune site),syngene.com,Pune (research site),Complex APIs — CDMO research,"Contract research and development services for global pharma and biotech",>Rs.500Cr (Biocon subsidiary),Subsidiary of Biocon,FAIL — Biocon subsidiary + revenue exceeds Rs.500Cr,,0,,0,,0,,0,,0,,0,D — DISQUALIFIED,AUTO-DISQUALIFIED: Biocon subsidiary + revenue exceeds Rs.500Cr ceiling.,Excluded
Panacea Biotec (Pune distribution — not manufacturing),panaceabiotec.com,Delhi HQ (not Pune),Medical Devices — vaccines,Vaccines and pharma products; HQ Delhi not Pune,Rs.100-300Cr,,FAIL — E2: HQ and manufacturing in Delhi not Pune,,0,,0,,0,,0,,0,,0,D — FAIL E2,Excluded — primary operations in Delhi not Pune.,"Excluded on E2 — city mismatch"
Thermo Fisher Scientific India (Pune Biotech Park),thermofisher.com,Pune (subsidiary office),Specialty Diagnostics — instruments and reagents,"Lab instruments, reagents, biopharma services — India subsidiary of US parent",N/A (subsidiary),Subsidiary of Thermo Fisher (global MNC),FAIL — subsidiary of global MNC; not a promoter-driven Indian company,,0,,0,,0,,0,,0,,0,D — DISQUALIFIED,AUTO-DISQUALIFIED: Wholly-owned subsidiary of Thermo Fisher Scientific (US MNC).,"Excluded — MNC subsidiary"
Rossari Biotech (Pune operations),rossari.com,Mumbai HQ / Mumbai-Pune operations,"Specialty Food & Nutraceutical Ingredients — animal nutrition","Poultry nutrition, animal health supplements, specialty enzymes for animal feed; also textile and home care chemicals",Rs.300-500Cr,"Edward Menezes (MD); Sunil Chari (MD and promoter)",PASS — own manufacturing; enzyme production; not a distributor,PASS — operations cover Pune region; BSE/NSE listed,15,"Specialty animal nutrition enzymes and poultry health supplements; proprietary enzyme formulations; Bavarian Nordic licensing for animal vaccine distribution; some product differentiation",12,"Dual MD structure (Menezes + Chari) with complementary skills; operator-founders who built from Rs.0 to listed; IPO governance signals systems investment",15,"Animal health and nutrition: strong tailwinds — poultry industry growth, pet care boom, livestock productivity push; China+1 in specialty feed enzymes",12,"Listed company with active investor disclosures; consistent revenue growth; LinkedIn hiring; factory expansion investments",12,"Listed company — MCA filings, investor reporting implies MIS; IPO governance signals structured systems; likely SAP or equivalent",10,"Dual-founder management; professional CFO at listed-company level; IPO governance improves board depth",76,B — Probable Federer,Good target. Listed specialty animal nutrition and enzyme company with promoter-driven governance. Revenue band (Rs.300-500Cr) is at the upper end — verify current revenue hasn't crossed Rs.500Cr ceiling.,"Built India's largest animal nutrition enzyme portfolio from scratch and listed on BSE in 2020 — Rossari's Pune-region operations make them one of the few listed specialty animal health ingredient companies in the Mumbai-Pune corridor"
Ajinomoto (India operations — Pune),ajinomoto.co.in,Pune area,Specialty Food & Nutraceutical Ingredients — amino acids,"Amino acids, umami seasoning, specialty food ingredients; subsidiary of Japanese Ajinomoto",N/A (Japanese MNC subsidiary),"Subsidiary of Ajinomoto Japan",FAIL — subsidiary of Japanese MNC,,0,,0,,0,,0,,0,,0,D — DISQUALIFIED,AUTO-DISQUALIFIED: Subsidiary of Ajinomoto (Japan MNC).,Excluded
Fermenta Biotech,fermentabiotech.com,Pune (Thane / Mumbai-Pune corridor),"Specialty Food & Nutraceutical Ingredients — Vitamin D3, specialty biosynthesis","Vitamin D3 (cholecalciferol) manufacturing from sheep lanolin; specialty fermentation-derived pharmaceutical and nutraceutical ingredients; USFDA and EU-GMP approved",Rs.100-300Cr,"Prashant Nagre (CEO); DCW group (promoter)",PASS — own USFDA and EU-GMP approved manufacturing for Vitamin D3 and specialty biosynthesis; in-house cholecalciferol production,PASS — operations in Thane/Mumbai-Pune corridor (within DT's accessible region),20,"One of only a handful of USFDA-approved Vitamin D3 manufacturers in India; EU-GMP certified; proprietary cholecalciferol biosynthesis from lanolin — technically complex; specialty nutraceutical ingredient with global regulatory moats",12,"Prashant Nagre is a technocrat CEO with pharma background; DCW group backing (conglomerate promoter with manufacturing DNA); operator-led management with USFDA compliance infrastructure",15,"Vitamin D3: post-COVID supplement demand boom; global import substitution from China (China dominates Vitamin D3 supply); EU/US buyers actively seeking Indian USFDA-approved alternative suppliers",12,"Active export markets; USFDA approval maintained; active website; LinkedIn hiring for quality and manufacturing roles",15,"USFDA + EU-GMP compliance mandates structured batch documentation, deviation tracking, CAPA — equivalent to ERP-level operational systems",8,"Promoter group (DCW) backing with professional CEO; some management depth; but succession specifics not confirmed",82,A — Strong Federer,Strong target. One of India's few USFDA-approved Vitamin D3 manufacturers — specialty nutraceutical ingredient with strong China+1 tailwind and regulatory moat. Verify current revenue and confirm operations are within Pune-accessible territory.,"Among fewer than 5 Indian manufacturers with USFDA approval for Vitamin D3 (cholecalciferol) manufacturing — positioned to capture supply chain diversification demand as global buyers reduce reliance on Chinese Vitamin D3 sources"
